date,day_type,transport_mode,distance_km,electricity_kwh,food_type,screen_time_hours,carbon_footprint_kg
2025-11-21,Weekday,Bus,45.17,7.77,Mixed,7.9,11.72
2025-11-22,Weekend,Car,48.94,11.77,Non-Veg,6.7,24.5
2025-11-23,Weekend,EV,14.17,11.41,Non-Veg,2.4,15.27
2025-11-24,Weekday,EV,29.66,4.28,Non-Veg,3.9,13.2
2025-11-25,Weekday,EV,31.7,18.46,Non-Veg,7.3,18.97
2025-11-26,Weekday,Walk,9.67,9.99,Mixed,6.1,9.0
2025-11-27,Weekday,Car,32.12,11.15,Non-Veg,3.1,20.88
2025-11-28,Weekday,Bike,8.49,12.2,Veg,2.2,6.88
2025-11-29,Weekend,Walk,2.94,14.25,Veg,9.8,7.7
2025-11-30,Weekend,Bike,0.61,10.44,Mixed,7.6,9.18
2025-12-01,Weekday,EV,1.64,9.51,Non-Veg,8.4,13.89
2025-12-02,Weekday,Walk,7.4,14.04,Veg,9.0,7.62
2025-12-03,Weekday,Walk,2.07,8.42,Veg,6.4,5.37
2025-12-04,Weekday,Bus,2.43,11.41,Non-Veg,6.8,14.76
2025-12-05,Weekday,Walk,3.85,14.17,Mixed,4.9,10.67
2025-12-06,Weekend,Walk,9.79,16.62,Non-Veg,7.6,16.65
2025-12-07,Weekend,Bus,28.48,4.66,Mixed,9.5,9.14
2025-12-08,Weekday,Walk,7.05,18.41,Non-Veg,9.1,17.36
2025-12-09,Weekday,Car,5.79,7.13,Non-Veg,1.6,14.01
2025-12-10,Weekday,Bike,8.86,6.78,Non-Veg,7.7,12.71
2025-12-11,Weekday,Bike,0.74,19.42,Veg,10.0,9.77
2025-12-12,Weekday,Bus,12.62,12.1,Veg,4.0,7.85
2025-12-13,Weekend,EV,6.16,8.06,Mixed,9.2,8.53
2025-12-14,Weekend,Bike,7.09,10.31,Veg,6.9,6.12
2025-12-15,Weekday,Car,31.09,13.71,Non-Veg,9.2,21.7
2025-12-16,Weekday,Walk,4.68,10.39,Mixed,6.7,9.16
2025-12-17,Weekday,Bus,42.47,13.32,Mixed,8.2,13.73
2025-12-18,Weekday,EV,26.47,10.3,Veg,6.5,7.44
2025-12-19,Weekday,Car,23.7,18.22,Veg,2.4,14.03
2025-12-20,Weekend,EV,29.13,9.13,Non-Veg,5.2,15.11
2025-12-21,Weekend,EV,2.46,12.38,Mixed,3.1,10.08
2025-12-22,Weekday,Bus,33.0,12.05,Veg,2.2,9.46
2025-12-23,Weekday,EV,7.02,4.2,Mixed,1.1,7.03
2025-12-24,Weekday,Walk,2.0,3.65,Non-Veg,4.4,11.46
2025-12-25,Weekday,Bike,1.29,14.14,Veg,4.9,7.66
2025-12-26,Weekday,EV,20.84,11.53,Mixed,1.9,10.65
2025-12-27,Weekend,EV,15.53,4.3,Mixed,4.4,7.5
2025-12-28,Weekend,Bike,6.62,15.95,Mixed,6.8,11.38
2025-12-29,Weekday,EV,5.95,4.5,Veg,5.2,4.1
2025-12-30,Weekday,Bus,41.62,2.81,Mixed,7.9,9.45
2025-12-31,Weekday,EV,0.19,6.33,Non-Veg,4.1,12.54
2026-01-01,Weekday,Walk,5.08,11.43,Mixed,7.7,9.57
2026-01-02,Weekday,Walk,3.95,16.42,Veg,5.5,8.57
2026-01-03,Weekend,EV,28.98,11.26,Veg,6.1,7.95
2026-01-04,Weekend,Car,23.97,8.33,Veg,4.1,10.13
2026-01-05,Weekday,Bus,36.96,19.78,Mixed,1.7,15.87
2026-01-06,Weekday,EV,10.86,7.76,Non-Veg,3.2,13.65
2026-01-07,Weekday,EV,22.08,5.52,Mixed,9.4,8.31
2026-01-08,Weekday,Bus,22.55,13.97,Veg,7.5,9.39
2026-01-09,Weekday,Walk,0.96,13.2,Non-Veg,7.3,15.28
2026-01-10,Weekend,Bus,9.83,5.0,Non-Veg,5.6,12.79
2026-01-11,Weekend,Bike,6.88,8.31,Mixed,3.9,8.32
2026-01-12,Weekday,Walk,5.12,17.97,Mixed,5.7,12.19
2026-01-13,Weekday,Walk,2.08,18.26,Non-Veg,5.3,17.3
2026-01-14,Weekday,Bike,2.31,11.59,Veg,2.0,6.64
2026-01-15,Weekday,Bike,0.16,6.61,Veg,5.6,4.64
2026-01-16,Weekday,Bike,5.64,3.75,Non-Veg,2.6,11.5
2026-01-17,Weekend,Bike,7.64,3.0,Veg,5.2,3.2
2026-01-18,Weekend,EV,17.52,17.83,Non-Veg,3.7,18.01
2026-01-19,Weekday,Walk,6.22,10.82,Non-Veg,8.4,14.33
2026-01-20,Weekday,Car,36.75,10.73,Non-Veg,3.5,21.64
2026-01-21,Weekday,Bike,7.74,16.76,Mixed,2.6,11.7
2026-01-22,Weekday,EV,0.59,14.37,Mixed,2.7,10.78
2026-01-23,Weekday,EV,49.89,2.59,Mixed,7.6,8.53
2026-01-24,Weekend,EV,14.79,8.55,Mixed,1.4,9.16
2026-01-25,Weekend,Car,35.38,14.13,Veg,8.0,14.73
2026-01-26,Weekday,Bus,10.61,17.32,Veg,7.6,9.78
2026-01-27,Weekday,Bus,4.89,19.93,Non-Veg,9.3,18.36
2026-01-28,Weekday,Car,8.57,2.61,Mixed,10.0,7.76
2026-01-29,Weekday,EV,2.1,17.45,Veg,1.8,9.09
2026-01-30,Weekday,Walk,4.15,19.23,Mixed,6.7,12.69
2026-01-31,Weekend,Walk,2.46,19.15,Mixed,1.3,12.66
2026-02-01,Weekend,Walk,5.89,17.74,Mixed,2.1,12.1
2026-02-02,Weekday,Walk,9.92,18.85,Mixed,3.1,12.54
2026-02-03,Weekday,Walk,4.36,11.66,Veg,5.6,6.66
2026-02-04,Weekday,Bike,6.57,8.7,Veg,1.7,5.48
2026-02-05,Weekday,Bike,8.61,3.83,Veg,6.6,3.53
2026-02-06,Weekday,EV,31.43,3.25,Mixed,8.3,7.87
2026-02-07,Weekend,Bus,7.85,14.55,Veg,4.4,8.45
2026-02-08,Weekend,Bike,7.68,4.32,Veg,1.4,3.73
2026-02-09,Weekday,Bus,26.23,7.79,Mixed,3.9,10.21
2026-02-10,Weekday,Walk,7.32,14.24,Veg,1.8,7.7
2026-02-11,Weekday,Bus,37.62,10.46,Mixed,7.7,12.19
2026-02-12,Weekday,Bike,3.64,13.57,Non-Veg,9.9,15.43
2026-02-13,Weekday,Car,4.17,4.66,Mixed,9.6,7.7
2026-02-14,Weekend,Bus,16.07,2.47,Non-Veg,4.2,12.27
2026-02-15,Weekend,Bike,0.56,16.48,Veg,7.9,8.59
2026-02-16,Weekday,Walk,7.13,15.72,Non-Veg,9.7,16.29
2026-02-17,Weekday,Bike,3.41,14.46,Mixed,9.3,10.78
2026-02-18,Weekday,EV,30.4,19.05,Mixed,8.4,14.14
2026-02-19,Weekday,Car,12.24,19.68,Veg,9.4,12.32
2026-02-20,Weekday,Walk,0.78,18.06,Non-Veg,3.0,17.22
2026-02-21,Weekend,Bike,4.61,16.49,Mixed,1.7,11.6
2026-02-22,Weekend,Walk,5.84,7.01,Non-Veg,4.4,12.8
2026-02-23,Weekday,Bus,39.24,13.77,Veg,9.7,10.65
2026-02-24,Weekday,Walk,9.01,6.39,Mixed,2.0,7.56
2026-02-25,Weekday,Walk,8.47,14.91,Mixed,8.2,10.96
2026-02-26,Weekday,EV,9.69,15.62,Veg,8.9,8.73
2026-02-27,Weekday,Bus,34.52,4.68,Mixed,1.1,9.63
2026-02-28,Weekend,Car,20.98,16.02,Veg,5.9,12.6
2026-03-01,Weekend,Bus,33.13,6.68,Non-Veg,1.4,15.32
2026-03-02,Weekday,Car,28.32,13.37,Non-Veg,9.1,21.01
2026-03-03,Weekday,Walk,8.48,18.02,Non-Veg,6.6,17.21
2026-03-04,Weekday,Bike,1.23,7.22,Non-Veg,1.7,12.89
2026-03-05,Weekday,Walk,8.68,2.41,Non-Veg,4.0,10.96
2026-03-06,Weekday,Car,2.68,6.27,Non-Veg,3.2,13.04
2026-03-07,Weekend,EV,35.32,10.97,Mixed,7.9,11.15
2026-03-08,Weekend,Walk,3.59,5.79,Non-Veg,4.0,12.32
2026-03-09,Weekday,Walk,7.8,3.27,Mixed,4.1,6.31
2026-03-10,Weekday,EV,22.57,14.36,Veg,8.4,8.87
2026-03-11,Weekday,Bus,6.86,6.43,Non-Veg,6.8,13.12
2026-03-12,Weekday,Bike,1.16,12.54,Mixed,9.8,10.02
2026-03-13,Weekday,Bike,4.27,8.16,Veg,6.6,5.26
2026-03-14,Weekend,Car,10.25,9.79,Mixed,3.3,10.97
2026-03-15,Weekend,Bike,0.39,11.7,Veg,9.0,6.68
2026-03-16,Weekday,Walk,7.77,7.21,Non-Veg,1.1,12.88
2026-03-17,Weekday,Walk,9.87,16.13,Mixed,6.7,11.45
2026-03-18,Weekday,Car,32.99,3.41,Veg,3.3,9.96
2026-03-19,Weekday,Bike,3.26,19.65,Veg,6.1,9.86
2026-03-20,Weekday,Bike,4.72,6.71,Mixed,4.0,7.68
2026-03-21,Weekend,EV,49.18,17.0,Mixed,5.1,14.26
2026-03-22,Weekend,Bus,42.15,6.59,Veg,2.4,8.01
2026-03-23,Weekday,Bike,9.4,14.54,Mixed,9.1,10.82
2026-03-24,Weekday,Car,33.54,18.87,Veg,4.1,16.26
2026-03-25,Weekday,Bus,40.78,17.96,Veg,8.8,12.45
2026-03-26,Weekday,Bus,29.39,14.84,Veg,9.8,10.29
2026-03-27,Weekday,Walk,6.9,2.94,Non-Veg,1.3,11.18
2026-03-28,Weekend,Bike,3.95,6.38,Non-Veg,3.7,12.55
2026-03-29,Weekend,Car,20.35,15.71,Veg,4.1,12.35
2026-03-30,Weekday,Car,45.13,17.45,Veg,7.3,18.01
2026-03-31,Weekday,Bus,41.43,11.41,Mixed,4.9,12.88
2026-04-01,Weekday,EV,24.57,3.52,Veg,6.5,4.64
2026-04-02,Weekday,EV,45.46,14.44,Non-Veg,3.6,18.05
2026-04-03,Weekday,Bike,5.73,19.18,Veg,7.0,9.67
2026-04-04,Weekend,Walk,5.7,3.89,Mixed,5.3,6.56
2026-04-05,Weekend,Walk,5.87,2.97,Mixed,9.4,6.19
2026-04-06,Weekday,Walk,9.35,17.18,Veg,2.3,8.87
2026-04-07,Weekday,Walk,1.74,7.92,Mixed,7.4,8.17
2026-04-08,Weekday,EV,15.93,5.66,Veg,5.2,5.06
2026-04-09,Weekday,Bike,5.22,12.89,Non-Veg,2.5,15.16
2026-04-10,Weekday,Car,46.57,9.36,Veg,1.1,15.06
2026-04-11,Weekend,Car,7.86,5.87,Mixed,3.4,8.92
2026-04-12,Weekend,Walk,7.14,12.36,Non-Veg,5.9,14.94
2026-04-13,Weekday,Car,10.92,16.73,Mixed,5.9,13.88
2026-04-14,Weekday,EV,44.29,2.57,Veg,2.4,5.24
2026-04-15,Weekday,Car,7.5,4.36,Veg,8.3,5.24
2026-04-16,Weekday,EV,21.72,7.56,Non-Veg,8.6,14.11
2026-04-17,Weekday,Bike,5.88,19.42,Non-Veg,1.9,17.77
2026-04-18,Weekend,Walk,9.52,18.58,Veg,7.8,9.43
2026-04-19,Weekend,Walk,4.99,13.02,Veg,4.9,7.21
2026-04-20,Weekday,EV,39.17,18.67,Mixed,2.8,14.43
2026-04-21,Weekday,Car,32.24,10.13,Veg,7.7,12.5
2026-04-22,Weekday,Walk,3.23,16.4,Mixed,2.2,11.56
2026-04-23,Weekday,Walk,5.87,11.28,Veg,3.7,6.51
2026-04-24,Weekday,EV,26.69,9.96,Veg,9.8,7.32
2026-04-25,Weekend,Walk,9.98,13.52,Veg,7.6,7.41
2026-04-26,Weekend,EV,17.51,8.86,Veg,5.5,6.42
2026-04-27,Weekday,Walk,0.44,15.32,Mixed,1.7,11.13
2026-04-28,Weekday,Bike,9.39,15.43,Veg,8.1,8.17
2026-04-29,Weekday,Car,27.98,6.07,Mixed,6.1,13.02
2026-04-30,Weekday,Bus,32.35,8.97,Veg,3.8,8.18
2026-05-01,Weekday,Bike,1.72,8.97,Veg,10.0,5.59
2026-05-02,Weekend,Bus,43.23,8.06,Non-Veg,7.8,16.68
2026-05-03,Weekend,Bus,15.25,16.12,Non-Veg,6.7,17.67
2026-05-04,Weekday,Walk,1.56,14.12,Non-Veg,8.6,15.65
2026-05-05,Weekday,Bike,0.12,8.83,Mixed,2.8,8.53
2026-05-06,Weekday,Walk,8.66,4.74,Non-Veg,3.1,11.9
2026-05-07,Weekday,Car,41.25,17.16,Veg,2.5,17.11
2026-05-08,Weekday,Walk,4.5,4.69,Non-Veg,10.0,11.88
2026-05-09,Weekend,EV,18.93,5.55,Mixed,2.6,8.17
2026-05-10,Weekend,Walk,2.84,5.62,Veg,7.9,4.25
2026-05-11,Weekday,EV,23.82,5.94,Mixed,9.3,8.57
2026-05-12,Weekday,Bike,6.67,11.56,Non-Veg,3.6,14.62
2026-05-13,Weekday,Bus,8.49,11.58,Non-Veg,2.4,15.31
2026-05-14,Weekday,EV,24.82,8.24,Veg,8.1,6.54
2026-05-15,Weekday,Walk,0.18,6.66,Veg,9.1,4.66
2026-05-16,Weekend,Bike,1.96,12.0,Non-Veg,9.4,14.8
2026-05-17,Weekend,Walk,8.13,10.83,Veg,3.5,6.33
2026-05-18,Weekday,Bike,0.94,5.99,Mixed,5.7,7.4
2026-05-19,Weekday,Bus,25.59,3.64,Veg,9.3,5.5
2026-05-20,Weekday,Bike,4.69,7.86,Mixed,4.9,8.14
2026-05-21,Weekday,Walk,9.04,3.05,Non-Veg,7.1,11.22
2026-05-22,Weekday,Car,0.54,11.55,Veg,7.9,6.73
2026-05-23,Weekend,Bus,13.79,13.54,Non-Veg,4.6,16.52
2026-05-24,Weekend,Bike,8.26,14.38,Mixed,3.9,10.75
2026-05-25,Weekday,Bus,22.33,6.75,Mixed,8.1,9.49
2026-05-26,Weekday,Bike,9.62,14.28,Non-Veg,7.0,15.71
2026-05-27,Weekday,Walk,5.72,11.03,Veg,1.8,6.41
2026-05-28,Weekday,Walk,2.71,10.98,Mixed,5.8,9.39
2026-05-29,Weekday,Car,8.09,7.3,Mixed,2.0,9.54
2026-05-30,Weekend,Walk,2.18,10.73,Non-Veg,5.5,14.29
2026-05-31,Weekend,Walk,2.98,8.33,Mixed,9.3,8.33
2026-06-01,Weekday,Bike,2.94,4.39,Veg,6.5,3.76
2026-06-02,Weekday,Car,32.53,17.66,Veg,2.2,15.57
2026-06-03,Weekday,EV,5.5,3.29,Mixed,5.1,6.59
2026-06-04,Weekday,Car,30.46,11.8,Mixed,4.0,15.81
2026-06-05,Weekday,Car,48.33,3.21,Non-Veg,9.9,20.95
2026-06-06,Weekend,Bike,0.26,15.26,Mixed,2.3,11.1
2026-06-07,Weekend,EV,24.28,5.37,Non-Veg,3.3,13.36
2026-06-08,Weekday,EV,49.76,5.01,Veg,6.2,6.49
